{
 "A": {
  "S": [
   0.3333333333333333,
   0.25,
   0.19791666666666666,
   0.03125,
   0.03125
  ],
  "s": 0.48390601370064,
  "s_ci": [
   0.19280555822735593,
   0.5891476460298396
  ],
  "half_life": 0.9549263070045242
 },
 "B": {
  "S": [
   0.7291666666666666,
   0.4166666666666667,
   0.125,
   0.08333333333333333,
   0.08333333333333333
  ],
  "s": 0.5725683397416192,
  "s_ci": [
   0.208113419133059,
   0.733283076146273
  ],
  "half_life": 1.2430386782377327
 },
 "C": {
  "S": [
   1.0,
   1.0,
   1.0,
   1.0,
   1.0
  ],
  "s": 1.0,
  "s_ci": [
   1.0,
   1.0
  ],
  "half_life": Infinity
 }
}